p,Amount of sets in solution,Covered Elements,Elements to be covered,Coverage Rate,Sum of all Set-sizes in solution,Time elapsed in sec
1.005,0,0,29181,0.0,0,134.776
1.01,17,631,29181,0.0216236592303211,992,68.563
1.015,420,4287,29181,0.1469106610465714,18089,47.408
1.02,3580,11490,29181,0.39374935745862033,117190,46.361
1.025,3831,12255,29181,0.4199650457489462,134501,41.156
1.03,10787,18147,29181,0.6218772488948289,322717,62.24
1.035,11534,16703,29181,0.5723929954422398,281023,58.596
1.04,19651,21356,29181,0.7318460642198691,478779,90.616
1.045,22094,22820,29181,0.7820156951441006,572636,101.354
1.05,30942,25143,29181,0.8616222884753778,730171,140.625
1.055,18385,20611,29181,0.7063157534011857,449957,79.802
1.06,28224,23929,29181,0.8200198759466776,646228,125.447
1.065,27982,23896,29181,0.8188890031184675,641056,123.962
1.07,27019,23898,29181,0.8189575408656318,638447,120.547
1.075,36711,25965,29181,0.8897913025598848,795618,175.095
1.08,36172,25456,29181,0.872348445906583,753302,158.379
1.085,32290,24073,29181,0.8249545937425037,672189,139.121
1.09,26963,23692,29181,0.8118981529077139,624651,118.43
1.095,41892,26724,29181,0.915801377608718,870360,184.278
1.1,34183,25175,29181,0.8627188924300059,734261,148.228
1.105,36463,25912,29181,0.8879750522600323,801552,161.535
1.11,40267,26653,29181,0.9133682875843872,858087,176.592
1.115,38893,25908,29181,0.8878379767657038,799089,167.867
1.12,41018,27041,29181,0.9266646105342518,879885,181.578
1.125,34732,25240,29181,0.864946369212844,736707,148.818
1.13,42617,27481,29181,0.9417429149103869,912347,189.646
1.135,44164,27612,29181,0.9462321373496453,941569,189.949
1.14,38425,26108,29181,0.8946917514821288,809431,164.325
1.145,44324,27860,29181,0.9547308179980124,953728,193.742
1.15,42440,27895,29181,0.9559302285733868,955885,185.242
1.155,47370,28377,29181,0.9724478256399712,1000559,202.768
1.16,41549,26787,29181,0.9179603166443919,865051,174.665
1.165,43950,27677,29181,0.9484596141324835,938904,193.159
1.17,43476,27278,29181,0.9347863335732155,899733,186.931
1.175,41380,27064,29181,0.9274527946266407,882766,179.37
1.18,42429,26987,29181,0.9248140913608169,880347,183.49
1.185,44302,27354,29181,0.937390767965457,915288,189.745
1.19,43192,27153,29181,0.9305027243754498,893867,184.663
1.195,42495,27646,29181,0.9473972790514376,931581,183.799
1.2,44451,27485,29181,0.9418799904047154,930809,190.816
1.205,46873,28434,29181,0.9744011514341524,1006108,201.057
1.21,45447,27675,29181,0.9483910763853192,941037,193.554
1.215,46241,27688,29181,0.9488365717418868,944341,195.522
1.22,44591,27300,29181,0.9355402487920222,916639,189.065
1.225,46681,28419,29181,0.9738871183304205,1000189,199.931
1.23,46034,27577,29181,0.945032726774271,934991,193.737
1.235,7,396,29181,0.01357047393852164,556,5.169
1.24,44106,26940,29181,0.9232034543024571,886705,179.39
1.245,45742,27690,29181,0.948905109489051,938364,194.798
1.25,47606,28021,29181,0.9602481066447346,977085,201.182
1.255,43267,27067,29181,0.927555601247387,888573,180.385
1.26,41729,26839,29181,0.9197422980706624,877661,177.031
1.265,6,362,29181,0.012405332236729379,488,4.933
1.27,48934,27887,29181,0.9556560775847298,973542,199.132
1.275,45261,27602,29181,0.9458894486138241,940436,186.081
1.28,8,419,29181,0.014358658030910524,623,4.731
1.285,46132,27498,29181,0.942325485761283,929339,186.896
1.29,47244,27546,29181,0.943970391693225,936024,197.855
1.295,44476,27589,29181,0.9454439532572564,930262,186.821
1.3,8,419,29181,0.014358658030910524,623,4.566
1.305,47902,28155,29181,0.9648401357047394,988352,196.606
1.31,48728,28258,29181,0.9683698296836983,992337,200.368
1.315,48372,27959,29181,0.9581234364826429,977546,198.794
1.32,11,506,29181,0.01734005003255543,818,4.459
1.325,5,323,29181,0.01106884616702649,419,4.427
1.33,45782,27864,29181,0.9548678934923409,953783,187.108
1.335,46643,27817,29181,0.953257256433981,956098,193.556
1.34,49592,28288,29181,0.9693978958911621,1004708,204.893
1.345,12,541,29181,0.018539460607929818,881,4.29
1.35,8,419,29181,0.014358658030910524,623,4.295
1.355,46247,27929,29181,0.9570953702751791,964496,185.2
1.36,51880,28579,29181,0.9793701381035606,1033516,209.756
1.365,46435,27688,29181,0.9488365717418868,951995,185.851
1.37,45659,27700,29181,0.9492477982248724,940826,189.875
1.375,49701,28178,29181,0.9656283197971283,991894,204.012
1.38,9,457,29181,0.015660875227031287,689,4.148
1.385,5,323,29181,0.01106884616702649,419,4.115
1.39,48537,28404,29181,0.9733730852266886,1003693,193.449
1.395,46684,28190,29181,0.9660395462801138,982947,190.142
1.4,53158,28760,29181,0.9855728042219253,1056166,210.407
1.405,49153,28279,29181,0.9690894760289229,998286,196.155
1.41,49063,28114,29181,0.9634351118878722,981966,198.047
1.415,11,506,29181,0.01734005003255543,818,4.028
1.42,49421,28228,29181,0.9673417634762346,993659,196.164
1.425,47753,28047,29181,0.9611390973578698,977035,193.832
1.43,47071,27900,29181,0.9561015729412974,963174,191.481
1.435,51740,28364,29181,0.9720023302834035,1024314,201.951
1.44,49625,28038,29181,0.9608306774956307,992022,191.165
1.445,44707,27436,29181,0.9402008155991912,920026,175.847
1.45,18,724,29181,0.024810664473458758,1249,3.879
1.455,48370,28133,29181,0.9640862204859326,982389,191.092
1.46,10,482,29181,0.01651759706658442,749,3.875
1.465,7,394,29181,0.01350193619135739,554,3.794
1.47,51172,28543,29181,0.978136458654604,1031243,199.161
1.475,46775,27805,29181,0.9528460299509955,954893,185.113
1.48,50126,28307,29181,0.9700490044892225,1003176,201.49
1.485,52604,28902,29181,0.9904389842705871,1061669,206.18
1.49,46660,27030,29181,0.9262876529248484,916165,176.959
1.495,27,991,29181,0.03396045371988623,1752,3.75
1.5,24,894,29181,0.030636372982420067,1602,3.776
1.505,18,724,29181,0.024810664473458758,1249,3.745
1.51,51739,28677,29181,0.9827284877146089,1034792,201.902
1.515,10,482,29181,0.01651759706658442,749,3.68
1.52,9,457,29181,0.015660875227031287,689,3.7
1.525,48724,28191,29181,0.966073815153696,987932,190.794
1.53,51254,28661,29181,0.9821801857372948,1036974,200.575
1.535,49705,28459,29181,0.9752578732737055,1011393,194.5
1.54,90,2000,29181,0.0685377471642507,4969,3.936
1.545,50969,28346,29181,0.9713854905589253,1008955,198.573
1.55,51087,28409,29181,0.9735444295945992,1011977,199.557
1.555,47477,27216,29181,0.9326616634111237,930816,175.888
1.56,38,1210,29181,0.04146533703437168,2377,3.697
1.565,25,910,29181,0.031184674959734072,1652,3.653
1.57,24,894,29181,0.030636372982420067,1602,3.609
1.575,18,724,29181,0.024810664473458758,1249,3.556
1.58,53502,29146,29181,0.9988005894246256,1081970,207.003
1.585,11,506,29181,0.01734005003255543,818,3.54
1.59,49140,28584,29181,0.9795414824714712,1024832,190.326
1.595,47231,28006,29181,0.9597340735410027,975198,186.683
1.6,52152,29055,29181,0.9956821219286522,1067034,203.877
1.605,49464,28205,29181,0.9665535793838457,990076,193.075
1.61,49734,28224,29181,0.9672046879819061,995937,193.932
1.615,45456,25412,29181,0.8708406154689695,807449,156.363
1.62,41216,24613,29181,0.8434597854768514,743130,140.809
1.625,90,2000,29181,0.0685377471642507,4969,3.768
1.63,77,1840,29181,0.06305472739111065,4328,3.661
1.635,49588,28291,29181,0.9695007025119085,999759,188.529
1.64,57,1547,29181,0.05301394743154793,3388,3.634
1.645,44,1328,29181,0.04550906411706247,2701,3.544
1.65,38,1210,29181,0.04146533703437168,2377,3.528
1.655,25,910,29181,0.031184674959734072,1652,3.502
1.66,23,873,29181,0.029916726637195436,1533,3.442
1.665,17,701,29181,0.024022480381069876,1180,3.436
1.67,14,594,29181,0.020355710907782463,959,3.436
1.675,49875,28404,29181,0.9733730852266886,1008327,191.165
1.68,49873,28401,29181,0.9732702786059422,1008201,194.175
1.685,53051,29104,29181,0.9973612967341764,1076114,202.49
1.69,50565,28483,29181,0.9760803262396766,1015880,194.874
1.695,52899,29016,29181,0.9943456358589493,1070078,202.384
1.7,48548,28153,29181,0.9647715979575752,988296,187.087
1.705,50868,28787,29181,0.9864980638086426,1045676,196.366
1.71,308,3914,29181,0.13412837120043863,14804,4.137
1.715,38168,22437,29181,0.7688907165621466,619021,115.708
1.72,37877,22798,29181,0.7812617799252939,634260,117.659
1.725,194,3057,29181,0.10475994654055722,9773,4.01
1.73,39712,23552,29181,0.8071005106062163,680528,125.62
1.735,40413,23915,29181,0.8195401117165279,701083,131.031
1.74,101,2137,29181,0.07323258284500188,5580,3.65
1.745,85,1950,29181,0.06682430348514444,4805,3.588
1.75,78,1868,29181,0.06401425585141017,4460,3.506
1.755,66,1685,29181,0.05774305198588123,3852,3.481
1.76,57,1545,29181,0.052945409684383674,3388,3.447
1.765,45,1342,29181,0.04598882834721223,2754,3.415
1.77,41,1251,29181,0.04287036085123882,2539,3.393
1.775,27,967,29181,0.033138000753915216,1764,3.348
1.78,23,876,29181,0.03001953325794181,1527,3.309
1.785,48989,28191,29181,0.966073815153696,993821,183.224
1.79,49933,28584,29181,0.9795414824714712,1024094,190.717
1.795,51533,28734,29181,0.9846818135087899,1040345,192.677
1.8,51697,28783,29181,0.9863609883143141,1045115,190.746
1.805,51778,28758,29181,0.985504266474761,1041078,192.933
1.81,51296,28547,29181,0.9782735341489325,1024262,190.429
1.815,54094,29169,29181,0.9995887735170145,1085168,198.823
1.82,53065,28929,29181,0.9913642438573044,1066424,192.792
1.825,49379,28541,29181,0.9780679209074398,1015476,184.857
1.83,51696,29001,29181,0.9938316027552174,1061975,193.688
1.835,51431,28877,29181,0.9895822624310339,1051905,189.582
1.84,49501,28560,29181,0.9787190295055002,1015880,186.569
1.845,51099,28604,29181,0.9802268599431136,1028110,192.194
1.85,23321,18729,29181,0.6418217333196258,401596,101.728
1.855,23321,18729,29181,0.6418217333196258,401596,100.745
1.86,23220,18610,29181,0.6377437373633529,397443,100.287
1.865,25408,19584,29181,0.671121620232343,443864,114.339
1.87,25408,19584,29181,0.671121620232343,443864,115.098
1.875,25348,19541,29181,0.6696480586683116,441284,113.734
1.88,199,3126,29181,0.10712449881772386,10068,3.676
1.885,200,3136,29181,0.10746718755354512,10136,3.826
1.89,159,2764,29181,0.09471916658099448,8280,3.661
1.895,139,2541,29181,0.08707720777218053,7360,3.665
1.9,116,2307,29181,0.0790582913539632,6293,3.512
1.905,108,2235,29181,0.07659093245605017,5916,3.43
1.91,91,2032,29181,0.06963435111887872,5096,3.42
1.915,82,1913,29181,0.0655563551626058,4655,3.377
1.92,76,1842,29181,0.0631232651382749,4360,3.375
1.925,74,1825,29181,0.06254069428737877,4260,3.384
1.93,62,1637,29181,0.05609814605393921,3648,3.3
1.935,39378,23504,29181,0.8054556046742744,677939,121.716
1.94,49376,28287,29181,0.9693636270175799,999649,185.192
1.945,51169,28775,29181,0.986086837325657,1048231,190.914
1.95,49650,28284,29181,0.9692608203968336,1005855,182.813
1.955,53364,29105,29181,0.9973955656077584,1079388,194.085
1.96,54234,29169,29181,0.9995887735170145,1085465,195.641
1.965,52792,28706,29181,0.9837222850484905,1043647,190.119
1.97,51891,28809,29181,0.9872519790274493,1050362,188.01
1.975,50660,28388,29181,0.9728247832493746,1013315,183.949
1.98,5878,14902,29181,0.5106747541208321,204814,23.053
1.985,5878,14902,29181,0.5106747541208321,204814,22.496
1.99,53137,28786,29181,0.9864637949350605,1051463,189.537
1.995,54234,29168,29181,0.9995545046434323,1085468,192.418
2.0,54236,29171,29181,0.9996573112641788,1085594,193.26

1.005,0,0,29181,0.0,0,123.153
1.01,17,631,29181,0.0216236592303211,992,62.718
1.015,420,4287,29181,0.1469106610465714,18089,41.396
1.02,1281,7264,29181,0.24892909770055857,46361,31.87
1.025,2032,9292,29181,0.3184263733251088,76621,27.257
1.03,3080,10658,29181,0.36523765463829205,103964,23.834
1.035,2241,8768,29181,0.3004694835680751,70019,19.311
1.04,3431,10303,29181,0.3530722045166375,101572,18.433
1.045,3596,10466,29181,0.35865803091052395,106322,16.421
1.05,4590,11299,29181,0.3872040026044344,127309,16.364
1.055,2667,8827,29181,0.3024913471094205,75410,13.705
1.06,3697,9904,29181,0.33939892395736954,97818,13.19
1.065,3665,9789,29181,0.3354580034954251,95823,12.73
1.07,3262,9571,29181,0.3279873890545218,89329,11.385
1.075,4205,9932,29181,0.34035845241766904,102396,11.344
1.08,4068,9418,29181,0.32274425139645657,91734,10.522
1.085,3527,8845,29181,0.3031081868338988,80832,9.455
1.09,2660,8470,29181,0.29025735924060175,70735,9.87
1.095,4029,9146,29181,0.3134231177821185,89515,9.53
1.1,3199,8447,29181,0.28946917514821285,73617,8.4
1.105,3215,8563,29181,0.2934443644837394,75993,8.26
1.11,3541,8971,29181,0.30742606490524654,82362,8.72
1.115,3357,8341,29181,0.2858366745485076,72323,8.231
1.12,3699,8789,29181,0.30118912991329977,79913,8.388
1.125,2898,8118,29181,0.2781947157396936,66818,7.708
1.13,3252,8346,29181,0.2860080189164182,72698,7.595
1.135,3697,8494,29181,0.29107981220657275,76037,7.889
1.14,2503,7675,29181,0.2630136047428121,60429,6.72
1.145,3526,8447,29181,0.28946917514821285,74014,8.553
1.15,2565,8101,29181,0.2776121448887975,66453,7.42
1.155,3728,8394,29181,0.28765292484836025,73322,8.841
1.16,3035,7816,29181,0.2678455159178918,62693,7.059
1.165,2761,7598,29181,0.26037490147698844,60896,6.335
1.17,3212,7769,29181,0.2662348788595319,61753,6.854
1.175,2850,7716,29181,0.26441862855967924,61593,6.487
1.18,2291,7006,29181,0.24008772831637024,51431,5.665
1.185,2886,7646,29181,0.2620198074089305,60253,6.458
1.19,2985,7570,29181,0.25941537301668893,58348,6.216
1.195,2440,7202,29181,0.24680442753846682,53100,5.821
1.2,2372,6964,29181,0.23864843562592097,50905,5.612
1.205,2482,7550,29181,0.25872999554504644,58033,5.885
1.21,2788,7106,29181,0.24351461567458277,53023,5.781
1.215,2905,7043,29181,0.2413556766389089,52460,5.694
1.22,2633,7171,29181,0.24574209245742093,53379,6.023
1.225,2253,7148,29181,0.24495390836503203,51613,5.534
1.23,2295,7049,29181,0.24156128988040163,51663,5.338
1.235,7,396,29181,0.01357047393852164,556,4.136
1.24,2958,6953,29181,0.2382714780165176,49725,7.158
1.245,2375,6723,29181,0.23038963709262877,47052,5.035
1.25,2655,6987,29181,0.23943661971830985,50148,5.175
1.255,2479,6750,29181,0.23131489667934615,46477,4.931
1.26,1774,6303,29181,0.21599671018813613,40789,4.727
1.265,6,362,29181,0.012405332236729379,488,3.399
1.27,2168,6494,29181,0.22254206504232205,44378,4.647
1.275,1935,6250,29181,0.21418045988828346,40606,4.403
1.28,8,419,29181,0.014358658030910524,623,3.405
1.285,2197,6427,29181,0.22024605051231966,43080,5.065
1.29,2234,6331,29181,0.21695623864843563,42598,4.908
1.295,2065,6142,29181,0.21047942154141394,39685,4.499
1.3,8,419,29181,0.014358658030910524,623,3.282
1.305,2161,6546,29181,0.22432404646859258,44904,4.809
1.31,2403,6588,29181,0.22576333915904184,45007,4.919
1.315,2185,5456,29181,0.18697097426407594,34952,3.987
1.32,11,506,29181,0.01734005003255543,818,3.243
1.325,5,323,29181,0.01106884616702649,419,4.024
1.33,1977,6315,29181,0.21640793667112163,41322,5.016
1.335,1967,6311,29181,0.21627086117679312,41338,4.63
1.34,1792,5193,29181,0.17795826051197697,32096,3.776
1.345,12,541,29181,0.018539460607929818,881,3.095
1.35,8,419,29181,0.014358658030910524,623,3.04
1.355,1876,5793,29181,0.1985195846612522,35121,3.943
1.36,1938,5886,29181,0.20170658990438983,37448,4.105
1.365,1646,4823,29181,0.1652787772865906,27976,3.766
1.37,1575,4843,29181,0.1659641547582331,27968,3.586
1.375,1789,5899,29181,0.20215208526095746,36457,4.244
1.38,9,457,29181,0.015660875227031287,689,3.562
1.385,5,323,29181,0.01106884616702649,419,3.083
1.39,1975,5651,29181,0.1936534046125904,33623,4.586
1.395,1990,5910,29181,0.20252904287036086,35890,4.501
1.4,1987,4838,29181,0.16579281039032248,28423,3.495
1.405,2089,5763,29181,0.19749151845378843,35906,4.069
1.41,1881,6013,29181,0.20605873684931977,37777,4.385
1.415,11,506,29181,0.01734005003255543,818,2.865
1.42,1246,5276,29181,0.18080257701929336,30034,3.561
1.425,1624,5507,29181,0.18871868681676432,32887,3.637
1.43,1575,5471,29181,0.18748500736780782,31662,3.478
1.435,1434,4454,29181,0.15263356293478633,24146,3.289
1.44,1387,4377,29181,0.14999485966896267,23134,3.261
1.445,1253,4088,29181,0.14009115520372845,20970,3.163
1.45,18,724,29181,0.024810664473458758,1249,2.821
1.455,1595,5807,29181,0.19899934889140194,34702,4.047
1.46,10,482,29181,0.01651759706658442,749,2.742
1.465,7,394,29181,0.01350193619135739,554,2.777
1.47,1409,4416,29181,0.15133134573866558,24630,3.223
1.475,1443,5155,29181,0.17665604331585621,28745,3.547
1.48,1485,5152,29181,0.17655323669510983,29252,3.452
1.485,1517,5233,29181,0.17932901545526198,30161,3.325
1.49,1233,4022,29181,0.13782940954730818,20003,3.061
1.495,27,991,29181,0.03396045371988623,1752,2.667
1.5,24,894,29181,0.030636372982420067,1602,2.704
1.505,18,724,29181,0.024810664473458758,1249,2.668
1.51,1226,5352,29181,0.1834070114115349,30438,3.711
1.515,10,482,29181,0.01651759706658442,749,3.278
1.52,9,457,29181,0.015660875227031287,689,2.981
1.525,1595,5414,29181,0.18553168157362668,30977,3.504
1.53,1590,5302,29181,0.18169356773242865,30435,3.469
1.535,1557,5149,29181,0.17645043007436345,29379,3.389
1.54,90,2000,29181,0.0685377471642507,4969,3.082
1.545,1488,4859,29181,0.1665124567355471,26963,3.25
1.55,1482,4859,29181,0.1665124567355471,26754,4.014
1.555,1232,3845,29181,0.131763818923272,18617,3.183
1.56,38,1210,29181,0.04146533703437168,2377,2.779
1.565,25,910,29181,0.031184674959734072,1652,2.748
1.57,24,894,29181,0.030636372982420067,1602,2.625
1.575,18,724,29181,0.024810664473458758,1249,2.627
1.58,1519,5299,29181,0.18159076111168226,30325,3.29
1.585,11,506,29181,0.01734005003255543,818,2.622
1.59,1342,5251,29181,0.17994585517974024,29424,3.226
1.595,1303,5233,29181,0.17932901545526198,28693,3.284
1.6,1411,5490,29181,0.1881361159658682,31398,3.443
1.605,1319,5204,29181,0.17833521812138034,28254,3.394
1.61,1281,5040,29181,0.1727151228539118,26785,3.288
1.615,1059,4101,29181,0.14053665056029607,18988,3.096
1.62,982,3874,29181,0.13275761625715363,17276,3.093
1.625,90,2000,29181,0.0685377471642507,4969,2.881
1.63,77,1840,29181,0.06305472739111065,4328,2.905
1.635,1167,4465,29181,0.1530105205441897,23387,3.043
1.64,57,1547,29181,0.05301394743154793,3388,2.819
1.645,44,1328,29181,0.04550906411706247,2701,2.862
1.65,38,1210,29181,0.04146533703437168,2377,2.783
1.655,25,910,29181,0.031184674959734072,1652,2.559
1.66,23,873,29181,0.029916726637195436,1533,2.468
1.665,17,701,29181,0.024022480381069876,1180,2.439
1.67,14,594,29181,0.020355710907782463,959,2.453
1.675,1216,4685,29181,0.1605496727322573,25284,2.857
1.68,1215,4754,29181,0.16291422500942393,25455,3.305
1.685,1259,4950,29181,0.1696309242315205,27029,3.528
1.69,1169,4581,29181,0.15698570987971625,24143,3.636
1.695,1198,4740,29181,0.16243446077927418,25279,2.88
1.7,1156,4725,29181,0.1619204276755423,24740,4.303
1.705,1236,5116,29181,0.1753195572461533,28030,3.591
1.71,254,3477,29181,0.11915287344504986,12187,3.166
1.715,1234,4685,29181,0.1605496727322573,22448,3.459
1.72,1164,4358,29181,0.1493437510709023,20123,3.271
1.725,194,3057,29181,0.10475994654055722,9773,3.105
1.73,1090,3894,29181,0.13344299372879614,16948,2.985
1.735,1082,3777,29181,0.12943353551968748,16272,2.979
1.74,101,2137,29181,0.07323258284500188,5580,2.833
1.745,85,1950,29181,0.06682430348514444,4805,2.813
1.75,78,1868,29181,0.06401425585141017,4460,2.745
1.755,66,1685,29181,0.05774305198588123,3852,2.829
1.76,57,1545,29181,0.052945409684383674,3388,2.67
1.765,45,1342,29181,0.04598882834721223,2754,2.642
1.77,41,1251,29181,0.04287036085123882,2539,2.569
1.775,27,967,29181,0.033138000753915216,1764,2.506
1.78,23,876,29181,0.03001953325794181,1527,2.464
1.785,1132,4000,29181,0.1370754943285014,20109,3.041
1.79,1182,4255,29181,0.1458140570919434,22007,2.674
1.795,1156,4092,29181,0.14022823069805695,20839,2.795
1.8,1146,4052,29181,0.13885747575477195,20665,3.629
1.805,1200,4307,29181,0.1475960385182139,22843,2.945
1.81,1160,4146,29181,0.14207874987149172,21407,2.686
1.815,1222,4476,29181,0.1533874781535931,23680,3.006
1.82,1158,4169,29181,0.14286693396388062,21497,2.921
1.825,1166,4458,29181,0.15277063842911484,23035,3.047
1.83,1196,4691,29181,0.16075528597375005,24297,3.178
1.835,1129,4356,29181,0.14927521332373805,21689,2.787
1.84,1166,4677,29181,0.1602755217436003,23972,2.904
1.845,1133,4436,29181,0.15201672321030807,22404,2.862
1.85,901,3849,29181,0.1319008944176005,16410,2.864
1.855,958,4230,29181,0.14495733525239024,18829,2.945
1.86,905,3920,29181,0.1343339844419314,16714,2.81
1.865,880,3909,29181,0.13395702683252803,16424,2.867
1.87,972,4336,29181,0.14858983585209554,19765,3.158
1.875,939,4050,29181,0.1387889380076077,17703,3.078
1.88,199,3126,29181,0.10712449881772386,10068,2.925
1.885,200,3136,29181,0.10746718755354512,10136,3.096
1.89,159,2764,29181,0.09471916658099448,8280,2.948
1.895,139,2541,29181,0.08707720777218053,7360,2.826
1.9,116,2307,29181,0.0790582913539632,6293,2.692
1.905,108,2235,29181,0.07659093245605017,5916,2.785
1.91,91,2032,29181,0.06963435111887872,5096,2.689
1.915,82,1913,29181,0.0655563551626058,4655,3.02
1.92,76,1842,29181,0.0631232651382749,4360,2.614
1.925,74,1825,29181,0.06254069428737877,4260,4.238
1.93,62,1637,29181,0.05609814605393921,3648,2.843
1.935,781,3045,29181,0.1043487200575717,12006,2.703
1.94,972,3719,29181,0.1274459408519242,17460,2.632
1.945,1013,3895,29181,0.13347726260237827,18813,2.661
1.95,969,3746,29181,0.1283712004386416,17581,2.653
1.955,1018,3940,29181,0.1350193619135739,19226,2.912
1.96,1016,3925,29181,0.13450532880984203,19255,2.643
1.965,974,3760,29181,0.12885096466879134,18009,2.67
1.97,1000,3899,29181,0.13361433809670675,19352,2.536
1.975,952,3714,29181,0.12727459648401357,17767,2.542
1.98,221,2493,29181,0.0854323018402385,8194,2.399
1.985,263,2754,29181,0.09437647784517322,9580,2.361
1.99,956,3724,29181,0.12761728521983481,17918,2.495
1.995,1008,3928,29181,0.1346081354305884,19692,2.546
2.0,1010,3941,29181,0.13505363078715601,19734,2.535

1.005,0,0,29181,0.0,0,126.976
1.01,17,631,29181,0.0216236592303211,992,65.0
1.015,420,4287,29181,0.1469106610465714,18089,44.256
1.02,3580,11490,29181,0.39374935745862033,117190,46.293
1.025,3831,12255,29181,0.4199650457489462,134501,42.182
1.03,10787,18147,29181,0.6218772488948289,322717,61.266
1.035,11534,16703,29181,0.5723929954422398,281023,58.867
1.04,19651,21356,29181,0.7318460642198691,478779,100.19
1.045,22094,22820,29181,0.7820156951441006,572636,100.884
1.05,30578,25022,29181,0.8574757547719406,720343,141.363
1.055,17229,20108,29181,0.6890785099893767,421913,72.612
1.06,26251,23279,29181,0.7977451081182961,602009,118.11
1.065,26046,23254,29181,0.796888386278743,596732,120.685
1.07,23596,22646,29181,0.7760529111408108,555898,89.914
1.075,33793,25078,29181,0.8593948116925396,727233,139.394
1.08,32084,24093,29181,0.8256399712141462,657571,124.104
1.085,27999,22540,29181,0.7724204105411056,572439,115.602
1.09,21541,21750,29181,0.7453480004112265,505350,82.691
1.095,34378,24517,29181,0.8401699736129673,702937,144.75
1.1,27014,22787,29181,0.7808848223158905,573265,104.428
1.105,27601,22983,29181,0.787601521537987,600952,103.48
1.11,29368,23304,29181,0.7986018299578493,622351,121.518
1.115,28166,22304,29181,0.764332956375724,562019,95.998
1.12,29219,23101,29181,0.7916452486206779,604450,108.587
1.125,23877,21236,29181,0.727733799390014,496609,77.639
1.13,27914,22870,29181,0.7837291388232068,590740,90.315
1.135,28750,22712,29181,0.7783146567972311,590071,104.712
1.14,24213,21272,29181,0.7289674788389706,503349,73.989
1.145,27423,22502,29181,0.7711181933449848,572903,87.788
1.15,24316,22291,29181,0.7638874610191563,553335,74.697
1.155,28093,22461,29181,0.7697131695281176,574795,93.784
1.16,24065,20816,29181,0.7133408724855214,481557,67.005
1.165,24969,21473,29181,0.7358555224289778,517662,72.162
1.17,24588,21027,29181,0.7205716048113499,490710,75.279
1.175,23205,20855,29181,0.7146773585552243,477840,71.448
1.18,22698,20266,29181,0.6944929920153524,457314,62.499
1.185,24574,20780,29181,0.7121071930365649,484065,78.257
1.19,22795,20144,29181,0.6903121894383332,448623,64.795
1.195,20554,20185,29181,0.6917172132552003,441351,51.896
1.2,23790,20543,29181,0.7039854699976011,472075,62.908
1.205,22303,20593,29181,0.7056989136767075,466648,63.71
1.21,23476,20230,29181,0.693259312566396,452414,69.431
1.215,22493,19929,29181,0.6829443816181762,439367,55.688
1.22,22046,19576,29181,0.670847469243686,422554,56.817
1.225,20734,20028,29181,0.6863370001028066,435370,51.542
1.23,22485,19919,29181,0.682601692882355,434157,56.782
1.235,7,396,29181,0.01357047393852164,556,4.352
1.24,21810,18851,29181,0.646002535896645,391545,51.532
1.245,21113,19355,29181,0.6632740481820363,404910,50.184
1.25,20352,19035,29181,0.6523080086357561,398301,46.068
1.255,20025,18518,29181,0.6345910009937973,373237,46.487
1.26,17229,18076,29181,0.619444158870498,350542,38.373
1.265,6,362,29181,0.012405332236729379,488,4.615
1.27,21009,18605,29181,0.6375723929954422,385813,58.797
1.275,18768,18037,29181,0.618107672800795,357460,41.448
1.28,8,419,29181,0.014358658030910524,623,4.187
1.285,19555,18387,29181,0.6301017785545389,366296,57.048
1.29,20249,18296,29181,0.6269833110585655,363192,55.038
1.295,17767,17823,29181,0.6107741338542202,340466,41.453
1.3,8,419,29181,0.014358658030910524,623,4.233
1.305,18399,18330,29181,0.6281484527603578,362784,40.891
1.31,19581,18378,29181,0.6297933586922998,369244,44.464
1.315,18876,17702,29181,0.6066276001507831,348572,45.767
1.32,11,506,29181,0.01734005003255543,818,3.853
1.325,5,323,29181,0.01106884616702649,419,3.8
1.33,17099,17498,29181,0.5996367499400295,333638,36.447
1.335,17333,17423,29181,0.5970665844213701,327247,36.652
1.34,18229,18011,29181,0.6172166820876598,351440,42.671
1.345,12,541,29181,0.018539460607929818,881,3.821
1.35,8,419,29181,0.014358658030910524,623,3.762
1.355,15083,16364,29181,0.5607758472978993,294291,28.983
1.36,17926,16941,29181,0.5805489873547857,323048,33.76
1.365,16368,16477,29181,0.5646482300126795,299461,32.025
1.37,16322,16828,29181,0.5766766046400055,305573,35.373
1.375,17116,17290,29181,0.5925088242349474,321529,40.927
1.38,9,457,29181,0.015660875227031287,689,3.502
1.385,5,323,29181,0.01106884616702649,419,3.495
1.39,15496,16457,29181,0.563962852541037,297464,30.415
1.395,14773,16126,29181,0.5526198553853535,288314,26.015
1.4,17134,16139,29181,0.5530653507419211,300626,27.009
1.405,16599,16512,29181,0.5658476405880539,303529,29.881
1.41,16018,16339,29181,0.5599191254583462,294824,32.974
1.415,11,506,29181,0.01734005003255543,818,3.572
1.42,15576,16723,29181,0.5730783729138823,301215,35.325
1.425,14913,16557,29181,0.5673897398992495,293784,34.549
1.43,15638,16365,29181,0.5608101161714815,288512,37.063
1.435,14689,14752,29181,0.5055344230835133,251115,20.842
1.44,14316,14793,29181,0.5069394469003804,247928,23.116
1.445,12547,14101,29181,0.48322538638154966,225238,18.295
1.45,18,724,29181,0.024810664473458758,1249,3.226
1.455,14011,15293,29181,0.524073883691443,261293,27.523
1.46,10,482,29181,0.01651759706658442,749,3.436
1.465,7,394,29181,0.01350193619135739,554,3.569
1.47,15272,15794,29181,0.5412425893560878,280591,30.461
1.475,14527,15840,29181,0.5428189575408656,272550,30.707
1.48,14870,16288,29181,0.5581714129056577,288703,32.614
1.485,14755,16055,29181,0.5501867653610226,284087,33.081
1.49,12123,12960,29181,0.4441246016243446,197497,22.885
1.495,27,991,29181,0.03396045371988623,1752,3.532
1.5,24,894,29181,0.030636372982420067,1602,3.355
1.505,18,724,29181,0.024810664473458758,1249,3.28
1.51,13875,15017,29181,0.5146156745827765,253068,24.57
1.515,10,482,29181,0.01651759706658442,749,2.973
1.52,9,457,29181,0.015660875227031287,689,2.977
1.525,12905,14753,29181,0.5055686919570954,242383,21.914
1.53,13195,15041,29181,0.5154381275487475,253052,25.482
1.535,14918,15750,29181,0.5397347589184743,275013,33.221
1.54,90,2000,29181,0.0685377471642507,4969,3.721
1.545,14613,15529,29181,0.5321613378568246,267245,40.748
1.55,14563,15669,29181,0.5369589801583222,268442,36.32
1.555,11641,12271,29181,0.42051334772626026,180610,18.937
1.56,38,1210,29181,0.04146533703437168,2377,2.983
1.565,25,910,29181,0.031184674959734072,1652,2.923
1.57,24,894,29181,0.030636372982420067,1602,2.845
1.575,18,724,29181,0.024810664473458758,1249,3.145
1.58,13648,14834,29181,0.5083444707172475,248908,21.82
1.585,11,506,29181,0.01734005003255543,818,3.202
1.59,12019,14271,29181,0.48905109489051096,226395,18.795
1.595,11488,13768,29181,0.4718138514787019,211368,19.392
1.6,13270,14630,29181,0.5013536205064939,239209,21.901
1.605,12695,14150,29181,0.48490456118707376,222782,18.615
1.61,12692,14242,29181,0.4880572975566293,224802,20.722
1.615,10464,11184,29181,0.38326308214249,150303,12.32
1.62,9764,10835,29181,0.3713032452623282,139799,11.83
1.625,90,2000,29181,0.0685377471642507,4969,3.353
1.63,77,1840,29181,0.06305472739111065,4328,3.1
1.635,12184,14617,29181,0.5009081251499263,234617,27.444
1.64,57,1547,29181,0.05301394743154793,3388,3.061
1.645,44,1328,29181,0.04550906411706247,2701,2.93
1.65,38,1210,29181,0.04146533703437168,2377,2.894
1.655,25,910,29181,0.031184674959734072,1652,3.061
1.66,23,873,29181,0.029916726637195436,1533,2.997
1.665,17,701,29181,0.024022480381069876,1180,3.127
1.67,14,594,29181,0.020355710907782463,959,2.952
1.675,12389,14325,29181,0.4909016140639457,224353,22.114
1.68,12059,13875,29181,0.4754806209519893,212557,25.321
1.685,12059,13867,29181,0.4752064699633323,217766,22.529
1.69,11535,13378,29181,0.458448990781673,202658,17.571
1.695,11716,13401,29181,0.4592371748740619,207765,16.773
1.7,10807,12903,29181,0.44217127583016347,190733,20.41
1.705,11347,13382,29181,0.4585860662760015,204033,18.982
1.71,308,3914,29181,0.13412837120043863,14804,3.983
1.715,9720,10389,29181,0.35601932764470035,127562,15.949
1.72,9405,10159,29181,0.34813748672081146,122957,15.492
1.725,194,3057,29181,0.10475994654055722,9773,4.816
1.73,9347,10001,29181,0.3427230046948357,121091,15.695
1.735,8833,10096,29181,0.3459785476851376,121736,13.469
1.74,101,2137,29181,0.07323258284500188,5580,3.129
1.745,85,1950,29181,0.06682430348514444,4805,3.129
1.75,78,1868,29181,0.06401425585141017,4460,3.563
1.755,66,1685,29181,0.05774305198588123,3852,4.095
1.76,57,1545,29181,0.052945409684383674,3388,3.588
1.765,45,1342,29181,0.04598882834721223,2754,3.576
1.77,41,1251,29181,0.04287036085123882,2539,3.305
1.775,27,967,29181,0.033138000753915216,1764,3.542
1.78,23,876,29181,0.03001953325794181,1527,2.781
1.785,11634,14268,29181,0.48894828826976455,220166,41.536
1.79,12243,15091,29181,0.5171515712278537,243096,48.246
1.795,11889,14649,29181,0.5020047291045543,229707,28.855
1.8,11858,14754,29181,0.5056029608306775,231582,30.681
1.805,11872,14753,29181,0.5055686919570954,233031,27.571
1.81,11390,14105,29181,0.4833624618758781,216215,26.998
1.815,11660,14368,29181,0.4923751756279771,225104,27.823
1.82,11225,13768,29181,0.4718138514787019,209924,23.971
1.825,10660,13559,29181,0.4646516569000377,201809,19.601
1.83,10626,13343,29181,0.45724958020629863,199209,17.799
1.835,10357,12899,29181,0.44203420033583496,189115,16.909
1.84,10072,12786,29181,0.43816181762105477,183613,16.521
1.845,10151,12612,29181,0.43219903361776496,182156,15.99
1.85,3496,8260,29181,0.2830608957883554,72366,5.868
1.855,3496,8260,29181,0.2830608957883554,72366,6.556
1.86,3396,7941,29181,0.27212912511565746,68226,8.753
1.865,3302,7695,29181,0.2636989822144546,65881,7.217
1.87,3302,7695,29181,0.2636989822144546,65881,7.403
1.875,3242,7496,29181,0.2568794763716117,63301,7.096
1.88,199,3126,29181,0.10712449881772386,10068,3.214
1.885,200,3136,29181,0.10746718755354512,10136,3.388
1.89,159,2764,29181,0.09471916658099448,8280,3.132
1.895,139,2541,29181,0.08707720777218053,7360,3.204
1.9,116,2307,29181,0.0790582913539632,6293,3.007
1.905,108,2235,29181,0.07659093245605017,5916,3.063
1.91,91,2032,29181,0.06963435111887872,5096,3.675
1.915,82,1913,29181,0.0655563551626058,4655,3.567
1.92,76,1842,29181,0.0631232651382749,4360,2.703
1.925,74,1825,29181,0.06254069428737877,4260,2.828
1.93,62,1637,29181,0.05609814605393921,3648,2.708
1.935,7200,8796,29181,0.30142901202837463,97739,8.956
1.94,9754,12563,29181,0.43051985881224086,179186,16.452
1.945,10215,13163,29181,0.45108118296151606,194969,15.824
1.95,9772,12752,29181,0.43699667591926256,182611,15.211
1.955,10423,13472,29181,0.4616702648983928,204229,20.989
1.96,11300,13710,29181,0.46982625681093865,211078,23.8
1.965,10789,13240,29181,0.4537198862273397,196256,17.546
1.97,11093,13907,29181,0.4765772249066173,211545,20.316
1.975,10571,13374,29181,0.4583119152873445,195740,18.439
1.98,2498,9771,29181,0.33484116377094686,87512,5.761
1.985,3015,10701,29181,0.36671121620232344,105481,7.419
1.99,10766,13694,29181,0.4692779548336246,204135,21.472
1.995,11290,14523,29181,0.49768685103320653,223631,21.306
2.0,11292,14527,29181,0.49782392652753504,223689,20.313
